tipus;tipus;tipus;tipus;tipus
lorem;ipsum;dolor;sit;amet
lorem;ipsum;dolor;sit;amet
lorem;ipsum;dolor;sit;amet
lorem;ipsum;dolor;sit;amet
lorem;ipsum;dolor;sit;amet
lorem;ipsum;dolor;sit;amet
lorem;ipsum;dolor;sit;amet
lorem;ipsum;dolor;sit;amet
lorem;ipsum;dolor;sit;amet
lorem;ipsum;dolor;sit;amet
lorem;ipsum;dolor;sit;amet
lorem;ipsum;dolor;sit;amet
lorem;ipsum;dolor;sit;amet
lorem;ipsum;dolor;sit;amet
lorem;ipsum;dolor;sit;amet
lorem;ipsum;dolor;sit;amet
lorem;ipsum;dolor;sit;amet
lorem;ipsum;dolor;sit;amet
lorem;ipsum;dolor;sit;amet
lorem;ipsum;dolor;sit;amet
lorem;ipsum;dolor;sit;amet
lorem;ipsum;dolor;sit;amet
lorem;ipsum;dolor;sit;amet
lorem;ipsum;dolor;sit;amet
lorem;ipsum;dolor;sit;amet
lorem;ipsum;dolor;sit;amet
lorem;ipsum;dolor;sit;amet
lorem;ipsum;dolor;sit;amet
lorem;ipsum;dolor;sit;amet
lorem;ipsum;dolor;sit;amet
lorem;ipsum;dolor;sit;amet
lorem;ipsum;dolor;sit;amet
lorem;ipsum;dolor;sit;amet
lorem;ipsum;dolor;sit;amet
lorem;ipsum;dolor;sit;amet
lorem;ipsum;dolor;sit;amet
lorem;ipsum;dolor;sit;amet
lorem;ipsum;dolor;sit;amet
lorem;ipsum;dolor;sit;amet
lorem;ipsum;dolor;sit;amet
lorem;ipsum;dolor;sit;amet
lorem;ipsum;dolor;sit;amet
lorem;ipsum;dolor;sit;amet
lorem;ipsum;dolor;sit;amet
lorem;ipsum;dolor;sit;amet
lorem;ipsum;dolor;sit;amet
lorem;ipsum;dolor;sit;amet
lorem;ipsum;dolor;sit;amet
lorem;ipsum;dolor;sit;amet
lorem;ipsum;dolor;sit;amet
lorem;ipsum;dolor;sit;amet
lorem;ipsum;dolor;sit;amet
lorem;ipsum;dolor;sit;amet
lorem;ipsum;dolor;sit;amet
lorem;ipsum;dolor;sit;amet
lorem;ipsum;dolor;sit;amet
lorem;ipsum;dolor;sit;amet
lorem;ipsum;dolor;sit;amet
lorem;ipsum;dolor;sit;amet
lorem;ipsum;dolor;sit;amet
lorem;ipsum;dolor;sit;amet
lorem;ipsum;dolor;sit;amet
lorem;ipsum;dolor;sit;amet
lorem;ipsum;dolor;sit;amet
lorem;ipsum;dolor;sit;amet
lorem;ipsum;dolor;sit;amet
lorem;ipsum;dolor;sit;amet
lorem;ipsum;dolor;sit;amet
lorem;ipsum;dolor;sit;amet
lorem;ipsum;dolor;sit;amet
lorem;ipsum;dolor;sit;amet
lorem;ipsum;dolor;sit;amet
ááááá;ééééé;űűűűű;úúú;óóóó